{
  "items": [
    {
      "uuid": "21d57efc-03fa-4a74-a9f6-79e4bb0cfc93",
      "name": "[답례품]🫧Celebration goodybag🕊️",
      "image": "https://image.idus.com/image/files/036a5b57d817462e9a312b9e360143ba_400.jpg",
      "artistUuid": "ece789a7-4760-4df2-a9ed-0fdf24705521",
      "artistName": "마르멜로",
      "salePrice": 4600,
      "discountRate": 0,
      "review": {
        "count": 34,
        "rate": 4.8,
        "rateLabel": "4.8",
        "contents": "어린이집 생일 답례품으로 주문했어요🤍 아가들이 먹을 수 없는 간식이지만, 친구부모님들이 넘 예쁘다고 칭찬해줬어요☺️ 뿌듯합니다! 선물할 일 생기면 또 올께요~~!",
        "starFull": true
      },
      "badges": [],
      "promotion": {
        "colorBackground": "#00000099",
        "labels": []
      },
      "artistId": 8778077
    },
    {
      "uuid": "8e58bfc1-0c44-4711-9e85-5508556cb8bd",
      "name": "[새해선물]허니라이스캔디 꿀+조청사탕, 수제목캔디",
      "image": "https://image.idus.com/image/files/f4a0f81b53df4d4393b00921aa46a2ba_400.jpg",
      "artistUuid": "0282b824-9272-49a8-af4a-310671bbc54d",
      "artistName": "리차지",
      "salePrice": 11500,
      "discountRate": 4,
      "review": {
        "count": 108,
        "rate": 4.9,
        "rateLabel": "4.9",
        "contents": "포장이 정말 예쁘게 와요!! 선물하기 좋습니다",
        "starFull": true
      },
      "badges": [
        {
          "displayType": "RECTANGLE",
          "label": "살수록할인",
          "colorFont": "#5f77a4ff",
          "colorBackground": "#f5f7ffff",
          "image": null
        }
      ],
      "promotion": {
        "colorBackground": "#00000099",
        "labels": []
      },
      "artistId": 9872842
    },
    {
      "uuid": "880d58e7-e0b5-4664-8f73-bfaac314d0c9",
      "name": "☆당일생산☆ 고급스러운 견과류강정 명절 선물",
      "image": "https://image.idus.com/image/files/bff6d9622d6a4b37bdc2acd4ecf5f417_400.jpg",
      "artistUuid": "064458be-103d-11e5-92c3-06fd000000c2",
      "artistName": "마마넛(mamanut)",
      "salePrice": 6143,
      "discountRate": 37,
      "review": {
        "count": 494,
        "rate": 4.9,
        "rateLabel": "4.9",
        "contents": "서비스로 주신걸로 맛보았는데 굳!\n포장도 잘 되어서 오고 좋은 선물 되었습니다!",
        "starFull": true
      },
      "badges": [],
      "promotion": {
        "colorBackground": "#009ee7ff",
        "labels": [
          {
            "types": ["BOLD"],
            "text": "설 특가",
            "colorFont": "#fffce3ff",
            "size": 11
          }
        ]
      },
      "artistId": 221158
    },
    {
      "uuid": "4594a794-7cde-4bf7-83fc-f448d067e973",
      "name": "호두정과 팔각상자 답례품👍추천 🎁 맞춤카드",
      "image": "https://image.idus.com/image/files/e1ad495acf764ef2a4d8b9e309609899_400.jpg",
      "artistUuid": "1885458c-6761-4cd5-a63e-3ae3153a7c04",
      "artistName": "시간상점",
      "salePrice": 4900,
      "discountRate": 11,
      "review": {
        "count": 161,
        "rate": 5,
        "rateLabel": "5.0",
        "contents": "시간상점 호두정과 덕분에 시보해제 감사선물 칭찬받았습니다!! 다음이 답례품 맞출 일이 있을 때 또 방문할게요♡",
        "starFull": true
      },
      "badges": [],
      "promotion": {
        "colorBackground": "#00000099",
        "labels": []
      },
      "artistId": 9934176
    },
    {
      "uuid": "1b40f770-3c73-4cf4-83f9-7fd41f969f78",
      "name": "💝스틱청💝 과일청 단체선물 답례품 선물세트 수제청",
      "image": "https://image.idus.com/image/files/c080a769e30041e6bff6c61b0cd40b8b_400.jpg",
      "artistUuid": "32f29f53-0b0c-4bae-941d-c167eb9db162",
      "artistName": "슈퍼마마",
      "salePrice": 10500,
      "discountRate": 58,
      "review": {
        "count": 136,
        "rate": 4.9,
        "rateLabel": "4.9",
        "contents": "선물용으로 샀는데 너무 만족해요~~ 배송도 빠르고 상태도 좋아요 또 이용하고 싶어요^^",
        "starFull": true
      },
      "badges": [],
      "promotion": {
        "colorBackground": "#00000099",
        "labels": []
      },
      "artistId": 4323938
    },
    {
      "uuid": "07ba7d0a-3336-489a-af46-dd11ab8f6ff8",
      "name": "센스만점 인기폭발❤설날선물❤포춘쿠키SET",
      "image": "https://image.idus.com/image/files/3b51c0bc8eed4cd992fcdc596ea81e58_400.jpg",
      "artistUuid": "eacceac9-7992-43db-af29-fb383c7fced9",
      "artistName": "달달한놀이터",
      "salePrice": 17199,
      "discountRate": 28,
      "review": {
        "count": 2108,
        "rate": 4.9,
        "rateLabel": "4.9",
        "contents": "작년 12월부터 오늘주문까지 4번 주문했어여 받는 분들 모두 너무 좋아하셨어여",
        "starFull": true
      },
      "badges": [
        {
          "displayType": "RECTANGLE",
          "label": "special",
          "colorFont": "#ef7014ff",
          "colorBackground": "#fff7f2ff",
          "image": "https://cdn.idus.kr/static/common/images/20230608/080508_special_logo.png"
        },
        {
          "displayType": "RECTANGLE",
          "label": "살수록할인",
          "colorFont": "#5f77a4ff",
          "colorBackground": "#f5f7ffff",
          "image": null
        }
      ],
      "promotion": {
        "colorBackground": "#00000099",
        "labels": []
      },
      "artistId": 1181650
    },
    {
      "uuid": "6e35cb5e-5fdb-4da1-b5a9-54c38e33a0f2",
      "name": "🍓설 예약🍓센스있는 보자기 선물세트❤️",
      "image": "https://image.idus.com/image/files/489eb1c77e8742d2a01cdafc1d897eb4_400.jpg",
      "artistUuid": "a17cfdac-f16f-423e-b558-75d8b2553bff",
      "artistName": "가득 수제과일청",
      "salePrice": 16835,
      "discountRate": 38,
      "review": {
        "count": 66,
        "rate": 4.8,
        "rateLabel": "4.8",
        "contents": "마음에 듭니다~ 선물용으로 참 좋은것 같아요^^",
        "starFull": true
      },
      "badges": [
        {
          "displayType": "RECTANGLE",
          "label": "special",
          "colorFont": "#ef7014ff",
          "colorBackground": "#fff7f2ff",
          "image": "https://cdn.idus.kr/static/common/images/20230608/080508_special_logo.png"
        }
      ],
      "promotion": {
        "colorBackground": "#00000099",
        "labels": []
      },
      "artistId": 1458835
    },
    {
      "uuid": "aa90381b-8758-46ef-8309-097fba620faa",
      "name": "손글씨 대필 📝",
      "image": "https://image.idus.com/image/files/3c2a8a2e47414cef81c78a2e6b5f0fc0_400.jpg",
      "artistUuid": "73ba315a-ce50-4812-9d60-3e7c801f3d91",
      "artistName": "94 ART",
      "salePrice": 9000,
      "discountRate": 0,
      "review": {
        "count": 1,
        "rate": 4.5,
        "rateLabel": "4.5",
        "contents": "너무 정성스럽고 묘하게 현실감있는 손글씨가 더 댜필 부탁드리기 좋은 것 같아요 제가 악필이라 종종 부탁드릴 것 같습니다!! 감사합니다",
        "starFull": true
      },
      "badges": [
        {
          "displayType": "RECTANGLE",
          "label": "쿠폰",
          "colorFont": "#ff4b50ff",
          "colorBackground": "#fff2f4ff",
          "image": null
        }
      ],
      "promotion": {
        "colorBackground": "#00000099",
        "labels": []
      },
      "artistId": 9385114
    },
    {
      "uuid": "fecdf888-f22a-4be7-af99-21902ba77eb3",
      "name": "답례쿠키 : 사브레쿠키5종+음료",
      "image": "https://image.idus.com/image/files/278f29c31cc84b37bb86e82d4f49b383_400.jpg",
      "artistUuid": "363ae59a-9e2b-4afc-9c6f-05075f655444",
      "artistName": "소드락이",
      "salePrice": 5642,
      "discountRate": 25,
      "review": {
        "count": 285,
        "rate": 4.9,
        "rateLabel": "4.9",
        "contents": "꼼꼼하고 예쁘게 잘포장해주셔서 부서진것 하나없이 \n잘받았습니다. 먹어보니 너무 달지않아서 선물하기 너무 좋은거같아요! 매우 만족스럽고 덕분에 좋은 선물이 되었어요😊",
        "starFull": true
      },
      "badges": [
        {
          "displayType": "RECTANGLE",
          "label": "special",
          "colorFont": "#ef7014ff",
          "colorBackground": "#fff7f2ff",
          "image": "https://cdn.idus.kr/static/common/images/20230608/080508_special_logo.png"
        },
        {
          "displayType": "RECTANGLE",
          "label": "살수록할인",
          "colorFont": "#5f77a4ff",
          "colorBackground": "#f5f7ffff",
          "image": null
        },
        {
          "displayType": "RECTANGLE",
          "label": "쿠폰",
          "colorFont": "#ff4b50ff",
          "colorBackground": "#fff2f4ff",
          "image": null
        }
      ],
      "promotion": {
        "colorBackground": "#00000099",
        "labels": []
      },
      "artistId": 4370428
    },
    {
      "uuid": "a4f18896-33b1-4e01-b97a-58dcc7ef08af",
      "name": "단체 답례품 간식 구디백 곰돌이쿠키 미니초코칩쿠키",
      "image": "https://image.idus.com/image/files/59e35c804e5145f9ba0104f897950f79_400.jpg",
      "artistUuid": "feb72c9e-d8cf-46d1-9bc7-3060d5683cbb",
      "artistName": "카페소단",
      "salePrice": 4800,
      "discountRate": 9,
      "review": {
        "count": 53,
        "rate": 4.8,
        "rateLabel": "4.8",
        "contents": "필요한 날짜에 맞춰 보내주셔서 넘 감사합니다 쿠키도 귀엽고 포장도 예쁘게 해주셔서 선물하기 딱이에요♥️",
        "starFull": true
      },
      "badges": [],
      "promotion": {
        "colorBackground": "#00000099",
        "labels": []
      },
      "artistId": 9090990
    },
    {
      "uuid": "42a83455-8483-45b6-ab78-d0b6bcd50c07",
      "name": "❤️ 무료배송 ❤️ 레터링케이크 베스트",
      "image": "https://image.idus.com/image/files/c7e13fd63f8a4465833362396d5561bd_400.jpg",
      "artistUuid": "accf6c55-69a2-4fd2-934a-dfdb70ec4dc2",
      "artistName": "케익팩토리",
      "salePrice": 16000,
      "discountRate": 23,
      "review": {
        "count": 2052,
        "rate": 4.9,
        "rateLabel": "4.9",
        "contents": "포장이 정말 잘되어서 왔어요! 박스안에 케이크박스 녹지 않게 처리되서 왔구요. 케이크 박스 열었을때 위 사진처럼, 흔들리지 말라고 종이재질로 고정, 띠도 위에 한번 아래 한번 두번 고정 입니다! 일단 받자마자 너무 예쁜데, 포장이 완벽해서 감동했어요~",
        "starFull": true
      },
      "badges": [
        {
          "displayType": "RECTANGLE",
          "label": "쿠폰",
          "colorFont": "#ff4b50ff",
          "colorBackground": "#fff2f4ff",
          "image": null
        }
      ],
      "promotion": {
        "colorBackground": "#00000099",
        "labels": []
      },
      "artistId": 3135494
    },
    {
      "uuid": "7cddd7ea-bbf8-43f5-9bb2-4ed35833a785",
      "name": "[미니] 이담등 전통무드등 수유등 led",
      "image": "https://image.idus.com/image/files/aa2cb886301d4eb59c83f27ba7e91ca2_400.jpg",
      "artistUuid": "fe23da0c-5fe9-4377-8679-0dc04ee78acd",
      "artistName": "자작나무공방",
      "salePrice": 18109,
      "discountRate": 40,
      "review": {
        "count": 16,
        "rate": 4.8,
        "rateLabel": "4.8",
        "contents": "선물도 하고 저도 하나 간직합니다.\n불빛이 너무 평온합니다~^^",
        "starFull": true
      },
      "badges": [
        {
          "displayType": "RECTANGLE",
          "label": "special",
          "colorFont": "#ef7014ff",
          "colorBackground": "#fff7f2ff",
          "image": "https://cdn.idus.kr/static/common/images/20230608/080508_special_logo.png"
        },
        {
          "displayType": "RECTANGLE",
          "label": "쿠폰",
          "colorFont": "#ff4b50ff",
          "colorBackground": "#fff2f4ff",
          "image": null
        }
      ],
      "promotion": {
        "colorBackground": "#00000099",
        "labels": []
      },
      "artistId": 9670051
    },
    {
      "uuid": "b0f01bd6-fab9-427a-a59b-977be5681694",
      "name": "❤️87차완판❤️결혼식 돌잔치 퇴사 개업 행사 답례품",
      "image": "https://image.idus.com/image/files/01f895a5d1674ca39a25f66eeca24cb5_400.jpg",
      "artistUuid": "71f67c86-3b6f-448b-b9e4-985095011819",
      "artistName": "스위트스멜링",
      "salePrice": 5900,
      "discountRate": 40,
      "review": {
        "count": 203,
        "rate": 5,
        "rateLabel": "5.0",
        "contents": "너무 고급스럽고 마음에 듭니다.\n향기도 너무 좋습니다.\n감사합니다.\n번창하세요♡",
        "starFull": true
      },
      "badges": [
        {
          "displayType": "RECTANGLE",
          "label": "살수록할인",
          "colorFont": "#5f77a4ff",
          "colorBackground": "#f5f7ffff",
          "image": null
        },
        {
          "displayType": "RECTANGLE",
          "label": "쿠폰",
          "colorFont": "#ff4b50ff",
          "colorBackground": "#fff2f4ff",
          "image": null
        }
      ],
      "promotion": {
        "colorBackground": "#00000099",
        "labels": []
      },
      "artistId": 1802720
    },
    {
      "uuid": "467d28b1-e14e-49b4-9e1b-bb2dd778664e",
      "name": "수제사브레쿠키🍪답례품으로 딱!🧡(결혼/돌/어린이집)",
      "image": "https://image.idus.com/image/files/7b5933de15b5421692eddf23765345f5_400.jpg",
      "artistUuid": "55b309eb-eeb2-497b-8399-d74d645b1c0b",
      "artistName": "아날로그베이커리",
      "salePrice": 5000,
      "discountRate": 0,
      "review": {
        "count": 138,
        "rate": 5,
        "rateLabel": "5.0",
        "contents": "호로로록 먹느라 내용물 사진은 못 찍었습니다! 포장이 과대포장이 아니라 오히려 좋았구 딱 세련되게 깔끔한 느낌이에요!! 버터 월넛 호지차 초코 총 4가지 맛이 있는데 4가지 다 버터맛이 풍부해요!!! 제가 원래 홍콩 제니쿠키를 엄청 좋아하는데 그거처럼 버터맛 풍부하고 좀 더 단단하고 실한 느낌입니다!!! 그리구 작가님이 어ㅓ어어엄청 친절하셔서 기분이 좋았어요!!! 강추합니당 🩷\n\n아! 크기는 생각보다 작은데 오히려 부담없이 먹기 좋아서 저는 좋았굽니다",
        "starFull": true
      },
      "badges": [],
      "promotion": {
        "colorBackground": "#00000099",
        "labels": []
      },
      "artistId": 9757079
    },
    {
      "uuid": "0853643f-e7b5-4789-931b-8dd2ab830832",
      "name": "♥ 특별한 드로잉 컬링파우더 텀블러 주문제작♥",
      "image": "https://image.idus.com/image/files/31fc4d9127494413a121c58d36df1344_400.jpg",
      "artistUuid": "d4ef1889-4cb6-4ef0-b47e-69ce98b26b06",
      "artistName": "달콤스토리",
      "salePrice": 13000,
      "discountRate": 48,
      "review": {
        "count": 136,
        "rate": 4.9,
        "rateLabel": "4.9",
        "contents": "너~~~~무 이쁩니다요~ 😆 아침마다 출근과 동시에 커피 내리는 직장인인데, 커피마시는게 더 행복해졌네요~ \n병원에서 근무중이라 모닝커피 몇모금  먹으면 환자들이 몰려와서 항상 다 식은 커피마셨거든요😭 따시게 마실수있어서 너무 행복합니다~ 이쁘게 만들어주셔서 너무 감사해요~😆",
        "starFull": true
      },
      "badges": [],
      "promotion": {
        "colorBackground": "#00000099",
        "labels": []
      },
      "artistId": 7421275
    },
    {
      "uuid": "4d061ce8-9b1f-433d-baf7-db06417fe9c0",
      "name": "❤️구움찰떡❤️ 명절선물 설날선물 답례 첫인사 집들이",
      "image": "https://image.idus.com/image/files/2fd6068fa7474d11ba2f8dfb2226a119_400.jpg",
      "artistUuid": "0a12bf58-95b9-4894-8b60-c2a0e929c391",
      "artistName": "플로라이스",
      "salePrice": 13000,
      "discountRate": 0,
      "review": {
        "count": 88,
        "rate": 5,
        "rateLabel": "5.0",
        "contents": "작가님 맛도 너무 맛있고 포장도 예술입니다!!🥹\n너무 급하게 주문했는데도 늦은시간에도 빠른 답변해주시고 \n신경 많이 써주셔서 감사합니다!\n포장하나하나에 신경쓴게 너무 많이 보이더라구요!\n다른분들께도 추천해드려야겠숩니다!!😉\n새해에는 작가님 대박터지실거에요~~\n새해복많이받으세요!!🥰",
        "starFull": true
      },
      "badges": [
        {
          "displayType": "RECTANGLE",
          "label": "쿠폰",
          "colorFont": "#ff4b50ff",
          "colorBackground": "#fff2f4ff",
          "image": null
        }
      ],
      "promotion": {
        "colorBackground": "#00000099",
        "labels": []
      },
      "artistId": 2601795
    },
    {
      "uuid": "fbc23de9-caab-420a-923e-4d233219a48b",
      "name": "[새해선물] 양말목🌻해바라기 행운 도어벨 집들이선물",
      "image": "https://image.idus.com/image/files/3bfc6f6f774442548956ae57e032a09e_400.jpg",
      "artistUuid": "642905b3-e4e6-4a94-929a-6711009b7b36",
      "artistName": "야월메이",
      "salePrice": 3500,
      "discountRate": 56,
      "review": {
        "count": 9,
        "rate": 5,
        "rateLabel": "5.0",
        "contents": "귀엽네용😄\n잘~사용할께요!",
        "starFull": true
      },
      "badges": [
        {
          "displayType": "RECTANGLE",
          "label": "쿠폰",
          "colorFont": "#ff4b50ff",
          "colorBackground": "#fff2f4ff",
          "image": null
        }
      ],
      "promotion": {
        "colorBackground": "#00000099",
        "labels": []
      },
      "artistId": 9528008
    },
    {
      "uuid": "e2208ea8-3505-4444-a8c2-17671030c99f",
      "name": "[설날]미니꽃차5종세트+미니1종+쇼핑백+띠지",
      "image": "https://image.idus.com/image/files/891d7b24e2cd4f9db044504736d696ce_400.jpg",
      "artistUuid": "47f16402-735c-4ea1-8625-087869e4fe38",
      "artistName": "플로썸",
      "salePrice": 21385,
      "discountRate": 35,
      "review": {
        "count": 1511,
        "rate": 5,
        "rateLabel": "5.0",
        "contents": "선물용으로 구매했어요!! 선물용으로 너무 괜찮네용 다음에도 구매할게요 :)",
        "starFull": true
      },
      "badges": [
        {
          "displayType": "RECTANGLE",
          "label": "special",
          "colorFont": "#ef7014ff",
          "colorBackground": "#fff7f2ff",
          "image": "https://cdn.idus.kr/static/common/images/20230608/080508_special_logo.png"
        }
      ],
      "promotion": {
        "colorBackground": "#00000099",
        "labels": []
      },
      "artistId": 3167029
    },
    {
      "uuid": "82c52689-a07e-4937-b823-5d8ec20a7614",
      "name": "블루델피늄 노트 | 무선, 유선, 만년다이어리, 각인",
      "image": "https://image.idus.com/image/files/af80e9bcfcbe48899b91767792281953_400.jpg",
      "artistUuid": "096438fd-2aa4-4584-bc89-9a31f252ccfc",
      "artistName": "리맆",
      "salePrice": 20000,
      "discountRate": 0,
      "review": {
        "count": 239,
        "rate": 4.9,
        "rateLabel": "4.9",
        "contents": "너무예뻐요\n짱짱해서 펼칠 때  종이가 뜯가거나 뒤틀릴까 걱정했는데 쫙 잘 펴집니다 그리고 도톰하고 크기도 적당해요 3번째 일기장인데 이번에 구매한게 너무 예쁘네요 다음에 다른 꽃도 사고 싶어요♡",
        "starFull": true
      },
      "badges": [
        {
          "displayType": "RECTANGLE",
          "label": "쿠폰",
          "colorFont": "#ff4b50ff",
          "colorBackground": "#fff2f4ff",
          "image": null
        }
      ],
      "promotion": {
        "colorBackground": "#00000099",
        "labels": []
      },
      "artistId": 876381
    },
    {
      "uuid": "c3f78e75-cc9a-4afe-9731-7241d6fa1f9b",
      "name": "<졸업,설날,입학>4+1리뷰🍀네잎클로버 선물(55색)",
      "image": "https://image.idus.com/image/files/3be86a723f6a4f82a00f4e1184aab332_400.jpg",
      "artistUuid": "1130db37-2208-42a6-bccf-f6f28afd399e",
      "artistName": "홍뜨개",
      "salePrice": 1990,
      "discountRate": 20,
      "review": {
        "count": 703,
        "rate": 5,
        "rateLabel": "5.0",
        "contents": "직장동료들에게 청첩장 나눠줄때 같이 주니 너무 좋아하십니당~ 리본까지 있으니 더 귀여워요🤍 센스 있는 선물이였어요 감사합니다^^",
        "starFull": true
      },
      "badges": [
        {
          "displayType": "RECTANGLE",
          "label": "살수록할인",
          "colorFont": "#5f77a4ff",
          "colorBackground": "#f5f7ffff",
          "image": null
        },
        {
          "displayType": "RECTANGLE",
          "label": "쿠폰",
          "colorFont": "#ff4b50ff",
          "colorBackground": "#fff2f4ff",
          "image": null
        }
      ],
      "promotion": {
        "colorBackground": "#00000099",
        "labels": []
      },
      "artistId": 6424022
    }
  ],
  "pagination": {
    "total": 3,
    "current": 2,
    "pageSize": 20,
    "itemSize": 60
  }
}
